{"cameraMode":{"drawMode":0,"name":"Shaded","section":"Shading Mode"},"sceneLighting":false,"audioPlay":false,"sceneViewState":{"showFog":true,"showMaterialUpdate":false,"showSkybox":false,"showFlares":true,"showImageEffects":true,"showParticleSystems":true,"showVisualEffectGraphs":true,"m_FxEnabled":true},"in2DMode":false,"pivot":{"x":0.2293614149093628,"y":-0.029870018362998964,"z":-0.25027012825012209},"rotation":{"x":-0.051407381892204288,"y":0.9036665558815002,"z":-0.11337556689977646,"w":-0.4097455143928528},"size":0.9433013796806336,"orthographic":false}