{"cameraMode":{"drawMode":0,"name":"Shaded","section":"Shading Mode"},"sceneLighting":false,"audioPlay":false,"sceneViewState":{"showFog":true,"showMaterialUpdate":false,"showSkybox":false,"showFlares":true,"showImageEffects":true,"showParticleSystems":true,"showVisualEffectGraphs":true,"m_FxEnabled":true},"in2DMode":false,"pivot":{"x":-0.19730865955352784,"y":-0.24610428512096406,"z":-0.014074921607971192},"rotation":{"x":0.10213954001665116,"y":0.349242240190506,"z":-0.03832588344812393,"w":0.9306747913360596},"size":0.6666746139526367,"orthographic":false}