{"cameraMode":{"drawMode":0,"name":"Shaded","section":"Shading Mode"},"sceneLighting":false,"audioPlay":false,"sceneViewState":{"showFog":true,"showMaterialUpdate":false,"showSkybox":false,"showFlares":true,"showImageEffects":true,"showParticleSystems":true,"showVisualEffectGraphs":true,"m_FxEnabled":true},"in2DMode":false,"pivot":{"x":-0.016865789890289308,"y":-0.104188472032547,"z":0.09962421655654907},"rotation":{"x":0.06784072518348694,"y":0.5838560461997986,"z":-0.04904500022530556,"w":0.8075463771820068},"size":0.6666746139526367,"orthographic":false}