{"cameraMode":{"drawMode":0,"name":"Shaded","section":"Shading Mode"},"sceneLighting":false,"audioPlay":false,"sceneViewState":{"showFog":true,"showMaterialUpdate":false,"showSkybox":false,"showFlares":true,"showImageEffects":true,"showParticleSystems":true,"showVisualEffectGraphs":true,"m_FxEnabled":true},"in2DMode":false,"pivot":{"x":0.0776035487651825,"y":0.01847165822982788,"z":0.09811672568321228},"rotation":{"x":-0.12669238448143006,"y":0.41244253516197207,"z":-0.058041758835315707,"w":-0.9002658724784851},"size":1.4839081764221192,"orthographic":false}